ASHRAE JSON file,Table,Cooling type,Subcategory,Heating type,Min cap (Btu/h),Max cap (Btu/h),Metric,JSON field,Original 90.1-2019,PNNL metric,PNNL 2023 value,Region basis,Conv. factor,New SEER2-derived,Conversion note (written to JSON)
ashrae_90_1_2019.heat_pumps.json,heat_pumps,AirCooled,Single Package,All Other,0,64999,SEER,minimum_seasonal_efficiency,13,SEER2,13.4,National (Vermont / North),0.95,14.1,"SEER back-calculated from PNNL 2023 ASHRAE 90.1, using SEER = SEER2 / 0.95 (SEER2=13.4 -- National standard; applicable to Vermont (DOE North region))"
ashrae_90_1_2019.heat_pumps.json,heat_pumps,AirCooled,Single Package,All Other,0,64999,SEER,minimum_seasonal_efficiency,14,SEER2,13.4,National (Vermont / North),0.95,14.1,"SEER back-calculated from PNNL 2023 ASHRAE 90.1, using SEER = SEER2 / 0.95 (SEER2=13.4 -- National standard; applicable to Vermont (DOE North region))"
ashrae_90_1_2019.heat_pumps.json,heat_pumps,AirCooled,Single Package,Electric Resistance or None,0,64999,SEER,minimum_seasonal_efficiency,13,SEER2,13.4,National (Vermont / North),0.95,14.1,"SEER back-calculated from PNNL 2023 ASHRAE 90.1, using SEER = SEER2 / 0.95 (SEER2=13.4 -- National standard; applicable to Vermont (DOE North region))"
ashrae_90_1_2019.heat_pumps.json,heat_pumps,AirCooled,Single Package,Electric Resistance or None,0,64999,SEER,minimum_seasonal_efficiency,14,SEER2,13.4,National (Vermont / North),0.95,14.1,"SEER back-calculated from PNNL 2023 ASHRAE 90.1, using SEER = SEER2 / 0.95 (SEER2=13.4 -- National standard; applicable to Vermont (DOE North region))"
ashrae_90_1_2019.heat_pumps.json,heat_pumps,AirCooled,Split System,All Other,0,64999,SEER,minimum_seasonal_efficiency,14,SEER2,14.3,National (Vermont / North),0.95,15.1,"SEER back-calculated from PNNL 2023 ASHRAE 90.1, using SEER = SEER2 / 0.95 (SEER2=14.3 -- National standard; applicable to Vermont (DOE North region))"
ashrae_90_1_2019.heat_pumps.json,heat_pumps,AirCooled,Split System,Electric Resistance or None,0,64999,SEER,minimum_seasonal_efficiency,14,SEER2,14.3,National (Vermont / North),0.95,15.1,"SEER back-calculated from PNNL 2023 ASHRAE 90.1, using SEER = SEER2 / 0.95 (SEER2=14.3 -- National standard; applicable to Vermont (DOE North region))"
ashrae_90_1_2019.heat_pumps.json,heat_pumps,SmallDuctHighVelocity,Split System,All Other,0,64999,SEER,minimum_seasonal_efficiency,11,SEER2,12,National (Vermont / North),0.95,12.6,"SEER back-calculated from PNNL 2023 ASHRAE 90.1, using SEER = SEER2 / 0.95 (SEER2=12.0 -- National standard; applicable to Vermont (DOE North region))"
ashrae_90_1_2019.heat_pumps.json,heat_pumps,SmallDuctHighVelocity,Split System,Electric Resistance or None,0,64999,SEER,minimum_seasonal_efficiency,11,SEER2,12,National (Vermont / North),0.95,12.6,"SEER back-calculated from PNNL 2023 ASHRAE 90.1, using SEER = SEER2 / 0.95 (SEER2=12.0 -- National standard; applicable to Vermont (DOE North region))"
ashrae_90_1_2019.heat_pumps.json,heat_pumps,ThroughWall,Single Package,All Other,0,29999,SEER,minimum_seasonal_efficiency,12,SEER2,11.7,National (Vermont / North),0.95,12.3,"SEER back-calculated from PNNL 2023 ASHRAE 90.1, using SEER = SEER2 / 0.95 (SEER2=11.7 -- National standard; applicable to Vermont (DOE North region))"
ashrae_90_1_2019.heat_pumps.json,heat_pumps,ThroughWall,Single Package,Electric Resistance or None,0,29999,SEER,minimum_seasonal_efficiency,12,SEER2,11.7,National (Vermont / North),0.95,12.3,"SEER back-calculated from PNNL 2023 ASHRAE 90.1, using SEER = SEER2 / 0.95 (SEER2=11.7 -- National standard; applicable to Vermont (DOE North region))"
ashrae_90_1_2019.heat_pumps.json,heat_pumps,ThroughWall,Split System,All Other,0,29999,SEER,minimum_seasonal_efficiency,12,SEER2,11.7,National (Vermont / North),0.95,12.3,"SEER back-calculated from PNNL 2023 ASHRAE 90.1, using SEER = SEER2 / 0.95 (SEER2=11.7 -- National standard; applicable to Vermont (DOE North region))"
ashrae_90_1_2019.heat_pumps.json,heat_pumps,ThroughWall,Split System,Electric Resistance or None,0,29999,SEER,minimum_seasonal_efficiency,12,SEER2,11.7,National (Vermont / North),0.95,12.3,"SEER back-calculated from PNNL 2023 ASHRAE 90.1, using SEER = SEER2 / 0.95 (SEER2=11.7 -- National standard; applicable to Vermont (DOE North region))"
ashrae_90_1_2019.heat_pumps_heating.json,heat_pumps_heating,AirCooled,Single Package,,0,64999,HSPF,minimum_heating_seasonal_performance_factor,8,HSPF2,6.7,National (Vermont / North),0.85,7.9,"HSPF back-calculated from PNNL 2023 ASHRAE 90.1, using HSPF = HSPF2 / 0.85 (HSPF2=6.7 -- National standard; applicable to Vermont (DOE North region))"
ashrae_90_1_2019.heat_pumps_heating.json,heat_pumps_heating,AirCooled,Split System,,0,64999,HSPF,minimum_heating_seasonal_performance_factor,8.2,HSPF2,7.5,National (Vermont / North),0.85,8.8,"HSPF back-calculated from PNNL 2023 ASHRAE 90.1, using HSPF = HSPF2 / 0.85 (HSPF2=7.5 -- National standard; applicable to Vermont (DOE North region))"
ashrae_90_1_2019.heat_pumps_heating.json,heat_pumps_heating,SmallDuctHighVelocity,Split System,,0,64999,HSPF,minimum_heating_seasonal_performance_factor,6.8,HSPF2,6.1,National (Vermont / North),0.85,7.2,"HSPF back-calculated from PNNL 2023 ASHRAE 90.1, using HSPF = HSPF2 / 0.85 (HSPF2=6.1 -- National standard; applicable to Vermont (DOE North region))"
ashrae_90_1_2019.heat_pumps_heating.json,heat_pumps_heating,ThroughWall,Single Package,,0,29999,HSPF,minimum_heating_seasonal_performance_factor,7.4,HSPF2,6.3,National (Vermont / North),0.85,7.4,"HSPF back-calculated from PNNL 2023 ASHRAE 90.1, using HSPF = HSPF2 / 0.85 (HSPF2=6.3 -- National standard; applicable to Vermont (DOE North region))"
ashrae_90_1_2019.heat_pumps_heating.json,heat_pumps_heating,ThroughWall,Split System,,0,29999,HSPF,minimum_heating_seasonal_performance_factor,7.4,HSPF2,6.3,National (Vermont / North),0.85,7.4,"HSPF back-calculated from PNNL 2023 ASHRAE 90.1, using HSPF = HSPF2 / 0.85 (HSPF2=6.3 -- National standard; applicable to Vermont (DOE North region))"
ashrae_90_1_2019.unitary_acs.json,unitary_acs,AirCooled,Single Package,All Other,0,64999,SEER,minimum_seasonal_energy_efficiency_ratio,14,SEER2,13.4,National (Vermont / North),0.95,14.1,"SEER back-calculated from PNNL 2023 ASHRAE 90.1, using SEER = SEER2 / 0.95 (SEER2=13.4 -- National standard; applicable to Vermont (DOE North region))"
ashrae_90_1_2019.unitary_acs.json,unitary_acs,AirCooled,Single Package,Electric Resistance or None,0,64999,SEER,minimum_seasonal_energy_efficiency_ratio,14,SEER2,13.4,National (Vermont / North),0.95,14.1,"SEER back-calculated from PNNL 2023 ASHRAE 90.1, using SEER = SEER2 / 0.95 (SEER2=13.4 -- National standard; applicable to Vermont (DOE North region))"
ashrae_90_1_2019.unitary_acs.json,unitary_acs,AirCooled,Split System,All Other,0,64999,SEER,minimum_seasonal_energy_efficiency_ratio,13,SEER2,13.4,National (Vermont / North),0.95,14.1,"SEER back-calculated from PNNL 2023 ASHRAE 90.1, using SEER = SEER2 / 0.95 (SEER2=13.4 -- National standard; applicable to Vermont (DOE North region))"
ashrae_90_1_2019.unitary_acs.json,unitary_acs,AirCooled,Split System,Electric Resistance or None,0,64999,SEER,minimum_seasonal_energy_efficiency_ratio,13,SEER2,13.4,National (Vermont / North),0.95,14.1,"SEER back-calculated from PNNL 2023 ASHRAE 90.1, using SEER = SEER2 / 0.95 (SEER2=13.4 -- National standard; applicable to Vermont (DOE North region))"
